Name,Address,Phone Number,Opening Hours
United Petroleum Northbridge,31 Fitzgerald Street Northbridge WA 6003,(08) 6336 7754,Mon-Sun: 6am-12am
BP ATM,Charles Street North Perth WA 6006,(08) 9443 4111,24 hours
Vibe Subiaco Petroleum,123 Thomas Street Subiaco WA 6008,(08) 9382 2281,Mon-Fri: 5am-9pm; Sat-Sun: 6am-8pm
BP East Perth,East Pde & Kensington St Perth WA 6004,(08) 9421 1280,24 hours
Puma Mount Lawley,81 Guildford Road Mount Lawley WA 6050,(08) 9272 6833,24 hours
Caltex Nedlands,100 Stirling Hwy, Nedlands WA 6009,(08) 9386 2801,24 hours
Shell Perth CBD,582 Hay St, Perth WA 6000,(08) 9325 5155,24 hours
Puma Bayswater,265 Guildford Rd, Bayswater WA 6053,(08) 9271 8765,Mon-Sun: 5am-11pm
Better Choice South Perth,123 Mill Point Rd, South Perth WA 6151,(08) 9367 1155,24 hours
United Petroleum Armadale,1500 Albany Hwy, Armadale WA 6112,(08) 9399 3455,24 hours
Ampol Foodary East Perth,123 East Parade, East Perth WA 6004,(08) 9325 4321,24 hours
OTR Perth Pier Street,456 Pier Street, Perth WA 6000,(08) 9221 1234,24 hours
Caltex North Perth,789 Fitzgerald Street, North Perth WA 6006,(08) 9444 5678,24 hours
Coles Express West Perth,321 Hay Street, West Perth WA 6005,(08) 9322 1234,24 hours
Shell Highgate - Mt Lawley,1 Guilford Rd, Walcott St, Mount Lawley WA 6050,(08) 9271 1209,Mon-Fri: 6am-9pm; Sat-Sun: 7am-8pm
BP Rockingham Park,Chalgrove Ave & Read Street, Rockingham WA 6168,(08) 9527 2092,24 hours
